,A,B,C,D
2000-01-01,0.840654078744,0.887184339899,0.904222755744,0.258760469021
2000-01-02,0.70393062541,2.6391054686,-0.0882993929672,0.674169354647
2000-01-03,1.40787319961,3.71041636737,0.981540567634,1.86781650631
2000-01-04,1.07219116524,5.90279186308,1.09075142639,2.03810555456
2000-01-05,0.818027859863,4.63131778429,1.52466996467,3.11684308095
2000-01-06,0.727892508565,5.21107269972,1.38769318726,0.826371092567
2000-01-07,-1.28329998425,4.00694327709,1.37472574975,0.908083938586
2000-01-08,0.108644549898,3.69715174459,-0.384527286216,1.25291919913
2000-01-09,-1.27706892519,3.50652361791,0.328322856076,2.84476185271
2000-01-10,-2.42493030811,3.65818076229,0.475724946508,2.26215424382
2000-01-11,-1.18791472536,3.55704589298,2.05740601319,1.48342730077
2000-01-12,-1.48237188171,5.14486081436,3.00152365997,0.990425626609
2000-01-13,-0.0581060265723,4.78460365172,4.41750238042,0.429261289453
2000-01-14,0.93417128021,3.18032176281,5.69910601781,1.42653374143
2000-01-15,-0.787090771462,3.71387168199,7.9282317822,2.39613750974
2000-01-16,0.689337620923,5.15880178918,7.16340996378,1.72320545494
2000-01-17,1.59637682102,5.42339101957,8.11671061917,1.60812840596
2000-01-18,4.57604540545,4.91343045093,8.23635250356,0.615611017294
2000-01-19,4.4760322939,3.60481028514,7.34136719876,1.14060817653
2000-01-20,4.9701702441,5.65172813547,7.15730775953,0.67439083839
2000-01-21,6.51179307793,4.86849885912,5.56755386266,0.470075857193
2000-01-22,6.01524945028,6.69606474077,5.68150738028,-0.147385670483
2000-01-23,6.32190097976,5.58357389146,5.78090381629,-0.61390588945
2000-01-24,5.82102086939,6.06946335143,6.58927854313,-1.13355972853
2000-01-25,6.0345326321,6.94259222655,5.96199958537,-1.38073019561
2000-01-26,6.21608124393,9.19310165198,5.68669137772,-1.010943818
2000-01-27,6.44349856858,9.61151651516,7.19612237051,0.876162246277
2000-01-28,6.02969263706,11.5652630792,6.91163674359,1.73213202044
2000-01-29,5.3834423648,12.3740369341,5.63789865313,4.97584982335
2000-01-30,5.88268655398,13.6624129891,5.92117218032,4.540451571
2000-01-31,5.89442279289,16.9970035435,5.99775956055,4.76818004884
2000-02-01,4.65886654572,18.3506666889,4.97298567153,5.61723656955
2000-02-02,5.70065800882,19.4989870156,4.1963302336,5.57302042596
2000-02-03,5.34273842402,18.3339729539,5.64181086703,5.04179562782
2000-02-04,6.91241687592,18.7145823174,6.74463637115,4.2785167468
2000-02-05,7.63871546996,18.273208787,6.21572938977,5.87921327538
2000-02-06,7.51902546684,19.0091205216,6.4741449612,7.86587482791
2000-02-07,6.78261992142,18.1286112036,5.28042540708,7.30198556429
2000-02-08,5.73191577109,17.3158838646,4.66944622241,6.19419722587
2000-02-09,6.3317208871,17.1546211858,3.8863125647,5.79102147836
2000-02-10,5.88417875679,16.7741729957,5.5174017653,5.17488071024
2000-02-11,5.14372098695,16.6709463731,4.59670809097,3.51250666641
2000-02-12,3.43309629835,16.514384264,4.084390442,3.24889578775
2000-02-13,3.43991533937,16.8779216574,3.97201937089,2.24516189493
2000-02-14,1.36879730807,18.7566697541,4.25504198212,2.67119781043
2000-02-15,1.99357873483,18.3868349451,6.38045450298,2.45876414068
2000-02-16,2.70944792035,18.9798464091,6.73016071921,1.92171732832
2000-02-17,2.49385803953,18.5830313154,5.40819238971,4.61983667677
2000-02-18,3.16537746065,18.4251087388,5.73622464587,6.71183593798
2000-02-19,1.90954173917,16.4898658693,5.09920177055,6.23333140163
2000-02-20,0.960445561319,17.0208848948,3.74475648855,7.36561104574
2000-02-21,2.75274414201,17.2921211501,3.48975043543,6.40258252631
2000-02-22,2.46798441389,17.3742689573,2.30168570494,7.31394465921
2000-02-23,2.06330748686,17.7253763151,2.27712381229,8.05589019966
2000-02-24,0.842578438154,19.6454779117,1.64382611792,7.23801629037
2000-02-25,-0.364103524176,18.8492743332,1.18657413541,7.11611980983
2000-02-26,0.217392276131,18.6396007892,1.93299660567,7.19035404478
2000-02-27,0.894655494834,19.5233125884,1.32989862623,7.50777255666
2000-02-28,0.361045536724,21.0446724615,1.44015806768,7.52435583084
2000-02-29,-0.225655471627,20.2432101246,2.96113511955,7.28122031167
2000-03-01,-0.182762045174,19.1977731553,3.92251756534,7.30878577755
2000-03-02,1.68512100464,19.8986482897,4.37162385518,7.0183763207
2000-03-03,1.37028531016,20.558800494,3.81472922279,7.82349193781
2000-03-04,1.41190604258,20.2231145768,4.87834869538,8.89576304623
2000-03-05,1.30583963217,21.6806667251,2.79791341444,9.34267861897
2000-03-06,1.61423643298,21.5030967223,3.55451952004,8.97906051836
2000-03-07,2.01524097693,20.6212835176,3.75249797025,7.48265503854
2000-03-08,1.19372849298,21.9507695262,4.81035922052,8.70338375807
2000-03-09,2.31693088873,23.2046250514,4.83941139323,10.1115531694
2000-03-10,2.94144410145,24.503480781,4.55675050322,11.5392330462
2000-03-11,3.6480048817,24.3870902953,3.55871550027,11.8445864549
2000-03-12,3.71689167077,25.277501454,3.54842891394,11.4355752445
2000-03-13,3.92876776772,25.6572636406,4.31987301672,10.915651396
2000-03-14,2.08189154617,24.4212790524,4.02568020308,10.0248931901
2000-03-15,1.11708595547,24.1176812745,4.83035457511,11.2571023139
2000-03-16,1.12466133445,22.4419517386,4.75279008512,11.9154686404
2000-03-17,-0.0584144955994,22.8894171675,5.19817297043,12.0004269488
2000-03-18,1.49703616884,24.1946850754,5.62636321715,12.9978159572
2000-03-19,1.66344476455,21.7591122389,4.40678733855,13.3916016762
2000-03-20,3.18674453583,21.977760983,4.07908285524,12.377881092
2000-03-21,3.78539905849,22.4233875547,2.63067757334,13.8389506003
2000-03-22,4.19881558646,22.8061621448,1.81783860586,13.4002611292
2000-03-23,3.68896537078,22.8061488485,3.21737990859,13.2602642552
2000-03-24,3.04881026266,22.9905314457,2.6509367065,13.8476012651
2000-03-25,5.24644216849,24.3811460169,3.68846363681,15.0890908084
2000-03-26,3.85816929029,22.5650400111,4.2322555434,16.2614955201
2000-03-27,3.61658988661,21.8262031798,3.63372737336,15.1922530293
2000-03-28,3.65870637335,22.3346367202,4.51480450207,16.048782763
2000-03-29,3.80882875292,21.6174687948,4.27940895802,17.4208462078
2000-03-30,3.58731142414,23.2599697645,5.69250315848,17.3452519085
2000-03-31,5.51325840145,22.0302948977,4.34911368934,16.9538470623
2000-04-01,4.67229544016,21.89178754,4.63345533579,17.1930649767
2000-04-02,3.96147181191,22.4668280035,3.97273006284,16.1173916992
2000-04-03,4.87676446919,21.2485791642,3.20750935973,14.5582506636
2000-04-04,6.17922882401,20.2423198483,0.874844453758,15.1280377981
2000-04-05,7.04734596909,22.6301208871,2.09309104349,14.8627378621
2000-04-06,6.8352876029,22.9873808314,3.98874192989,15.3126952079
2000-04-07,5.81454597599,24.397143951,4.32263326274,13.6250526879
2000-04-08,6.40025171938,24.4690475984,4.58731136781,14.3387213953
2000-04-09,7.52749476461,23.2393293766,4.30017098796,13.3088887132
2000-04-10,6.94720196816,22.2468000479,4.31737003836,13.8910201021
2000-04-11,7.80827368523,20.5025220093,5.48435653004,13.7660104971
2000-04-12,7.11371627047,20.2023737515,4.57477242166,13.5665786876
2000-04-13,6.66509412987,20.1533963411,5.46255287257,15.0197328013
2000-04-14,4.79990082576,21.7672763202,6.36856126217,15.0920173713
2000-04-15,3.79137977831,21.5701652549,5.1894284814,14.1228098003
2000-04-16,5.38435742498,21.9258663414,5.13206924851,16.0171945837
2000-04-17,5.77153764314,22.9001262928,7.89894469602,15.9067563585
2000-04-18,5.8828753489,23.4280844813,5.78317461197,15.082069475
2000-04-19,3.99384564216,23.4180532608,5.67947764303,14.5511875674
2000-04-20,2.27671912208,22.8294232068,5.29913490858,13.9420568208
2000-04-21,0.729463543163,22.7690523523,4.87738418729,14.6709321537
2000-04-22,1.99907861684,23.1556543176,3.81827638842,14.6973141588
2000-04-23,1.97574862613,21.9047078377,2.78516017942,16.7957434085
2000-04-24,1.7389956629,22.399035079,2.66387552448,19.3999276027
2000-04-25,3.31974046449,22.3361967059,2.42498220426,17.9865952379
2000-04-26,4.35875097867,21.8031989058,2.08895457829,19.0799754218
2000-04-27,4.61498559292,22.0325424891,5.27365410837,20.0772045338
2000-04-28,5.1771672967,20.3195808978,5.5288584422,20.0151950723
2000-04-29,6.29289803244,19.1759648688,4.45568830434,19.7230110111
2000-04-30,5.46599257942,21.1547988888,4.8569002055,18.2594560997
2000-05-01,2.65038338367,21.2613203893,5.77520451633,18.625216645
2000-05-02,3.93794717345,21.7689087383,6.72039170747,19.6319219063
2000-05-03,4.46881940059,22.5718503764,5.68159332305,18.9027224385
2000-05-04,3.2118002037,22.597826127,6.26733726478,19.9487983364
2000-05-05,4.13546821911,21.2184468722,5.23686721564,20.2352420142
2000-05-06,5.46945393745,22.761522856,5.02994921325,19.7616539624
2000-05-07,4.88385559119,23.9166746322,3.81419862606,19.6788652793
2000-05-08,2.44480059403,24.3044940792,5.44796398868,19.1223256992
2000-05-09,2.12382215419,25.0382472398,4.69179019905,18.0286053286
2000-05-10,2.75401148472,27.0466364276,3.14081532289,18.6185461996
2000-05-11,2.60109619754,26.7830690165,2.22031875884,16.8098256063
2000-05-12,3.26571891318,26.1670946594,2.13284767605,17.0589904573
2000-05-13,3.35064455094,25.624648111,2.29166022408,17.3439625818
2000-05-14,3.09824524144,27.4119054103,3.71679589453,19.1949387547
2000-05-15,3.44905423679,27.4158113956,4.96628675967,18.7328711274
2000-05-16,2.66976743005,27.1695488781,5.05654869811,18.5564160011
2000-05-17,2.44079507282,26.1229836177,6.05193784768,17.5567886291
2000-05-18,3.11913679169,26.5521945654,5.06681924275,17.7836187423
2000-05-19,2.71327969982,26.7235634962,5.84694145738,17.1448322098
2000-05-20,3.94085511801,25.1174039288,5.0161159348,16.1537199272
2000-05-21,1.75045265998,25.5772495884,4.30490334804,14.7030779242
2000-05-22,1.09886986988,25.6529542402,4.44133454156,12.6713598166
2000-05-23,1.84593263972,26.5586378102,2.38989778396,12.2434945167
2000-05-24,-0.0389042475332,25.028932534,2.91921427534,11.5940663814
2000-05-25,0.322241215216,25.5061207686,3.74788211921,12.0210274669
2000-05-26,1.24528795072,25.8185293803,4.7518008731,12.8132897452
2000-05-27,0.339461296367,27.5868185977,3.9490719509,13.33965739
2000-05-28,-0.73699808754,26.1849329927,4.88586527635,14.8221188025
2000-05-29,-0.733577601412,25.6319522288,3.71844537227,16.0880260205
2000-05-30,-0.637392602777,26.02819859,4.01123472457,15.7733456212
2000-05-31,-2.24903717772,27.6846205492,2.17618008667,15.7501457985
2000-06-01,-0.646736879191,27.6694925715,3.4783256714,16.4687961655
2000-06-02,-0.363942593359,27.1526236234,2.60880424646,15.7466719492
2000-06-03,0.298509961036,27.4767700923,3.13867623131,15.7874835038
2000-06-04,-0.914612565303,28.4144153719,2.77128627572,16.0691597301
2000-06-05,-0.922239583482,29.0765688159,1.98409434581,15.7662897019
2000-06-06,0.72467669997,27.0505216424,0.837358333326,14.717870158
2000-06-07,0.825347830517,27.9208440796,-0.0972283700207,13.2915914831
2000-06-08,1.46609598764,25.4807271406,0.457161016071,12.7373005715
2000-06-09,-0.0988804505787,23.9610693382,0.997919036226,13.5259614963
2000-06-10,-0.548736924941,24.7415805829,2.60747230435,14.2751704253
2000-06-11,1.23652091989,23.8111185842,1.94866316043,12.4812070417
2000-06-12,0.866027779065,23.6516229508,0.395620339279,11.2470941671
2000-06-13,1.48651275095,23.1963779751,1.1169736301,10.3424204791
2000-06-14,2.41613794141,21.0766609116,1.0135125912,11.8509213037
2000-06-15,3.32400952603,21.8202421954,1.32728500865,10.0266177529
2000-06-16,2.61673013284,23.0042432814,0.578979461011,11.3976136495
2000-06-17,2.00638470136,22.0918806246,0.565185635193,10.8016244613
2000-06-18,1.01240352702,22.3070019352,0.36980517191,10.1009518928
2000-06-19,1.27614049968,22.4937472032,2.58902068131,8.81104213746
2000-06-20,1.17006034283,21.6518220192,0.637645664739,7.02394984195
2000-06-21,1.22580195704,20.8279818614,1.88099050239,5.96676034862
2000-06-22,0.353405996872,22.1246775446,2.57977727393,3.86206401015
2000-06-23,2.04222866054,22.685472071,3.57929992762,4.1213050314
2000-06-24,0.25052789711,22.2463012945,3.09218616876,1.90924393538
2000-06-25,0.180031162433,25.6236271783,4.97268795681,2.58929153378
2000-06-26,0.752315689825,26.2716374778,4.80956743762,2.78944822878
2000-06-27,0.368977455403,27.5153753039,4.36480866299,4.08152679108
2000-06-28,2.67841042738,27.4103612478,3.55218062857,3.95078141745
2000-06-29,3.37169589381,27.9854183517,2.83079871942,3.00041415732
2000-06-30,4.24182193023,26.5073242386,3.21462300886,3.59736510429
2000-07-01,3.6806517161,24.8440337771,3.00505003053,3.74866020353
2000-07-02,2.37684247713,23.4978080841,3.63823707849,3.43184140724
2000-07-03,2.14177731195,23.8348988675,4.69205158422,5.04704369316
2000-07-04,4.77777310655,24.2485041785,4.48473318715,4.58282353159
2000-07-05,4.31119332344,25.386237172,3.57142547579,3.75368666855
2000-07-06,5.07930919268,25.5914444832,3.70470530404,3.4950224579
2000-07-07,4.93695735168,25.1910843311,4.91565029065,3.17384334717
2000-07-08,4.98072518785,27.6522021794,5.73703999556,3.9522164407
2000-07-09,5.84788757624,26.4938561973,4.76542468664,2.98465220205
2000-07-10,6.15198263648,27.0703624036,6.10306817691,2.0945441368
2000-07-11,6.65867106413,27.8268616334,6.55616141773,1.63124971649
2000-07-12,6.55199956888,29.1660703548,6.79691337093,1.47595120892
2000-07-13,5.33034458414,28.7539161974,5.64569531965,-0.801122153271
2000-07-14,5.51535434833,29.715640375,6.18317123706,-1.31923723549
2000-07-15,5.59051498854,29.0847098513,7.13643149781,-1.59448327299
2000-07-16,6.47882120385,29.7712654358,6.3676653516,-0.75191883296
2000-07-17,6.62340037497,30.2238518332,7.0442045208,-0.609005029173
2000-07-18,6.5496945422,29.2131873149,7.9928598437,-1.68062898136
2000-07-19,7.21705815927,28.6836866966,7.66053520031,-1.76677218606
2000-07-20,6.16770807041,27.3445918164,8.21445303804,-0.948983757874
2000-07-21,5.48870958049,28.2555916234,6.15336406956,-1.07913249023
2000-07-22,6.19769783181,29.7529997778,6.17400317874,-0.531720911606
2000-07-23,5.30170816216,27.6790070006,5.48364859426,-0.297164347071
2000-07-24,4.56699103584,27.857588827,4.20662145537,-1.28740458615
2000-07-25,5.11350093723,29.0533431153,4.02105904953,-0.699905565901
2000-07-26,4.57827313654,28.4845733936,3.77454546506,-0.619543406991
2000-07-27,4.66477052861,29.0089799657,2.70487032729,-1.04877541821
2000-07-28,4.07146695097,30.0187920331,2.67632909445,-1.0806748358
2000-07-29,4.57169312513,29.5546116631,2.16347383804,-1.43590095581
2000-07-30,5.25274299813,29.2276490078,3.07089366988,-1.13547539879
2000-07-31,4.59249378866,29.1586917787,2.3600785196,-0.465737648752
2000-08-01,4.30327948393,27.1049058176,0.938698495939,-0.781377666115
2000-08-02,5.45321791472,27.6682996592,-0.550340084885,-1.44353413793
2000-08-03,4.21390151786,29.1624502563,-0.190957111472,-1.64315511191
2000-08-04,3.82044022052,29.1951955249,-0.735594198967,-2.41490501002
2000-08-05,2.02157404933,29.7371151678,-1.75700777707,-3.67312005063
2000-08-06,1.34053189379,30.4524969595,-1.14390455907,-3.33471765271
2000-08-07,1.86358809561,29.9432914333,-1.77723273583,-3.31199101625
2000-08-08,0.447021437003,31.3704154292,-1.23192370783,-4.85480382191
2000-08-09,-0.0685980068059,32.3750735934,0.225840202921,-4.27921428673
2000-08-10,2.51255551637,30.8334788456,0.392378272269,-4.07085544968
2000-08-11,3.10936688837,30.545443309,-1.04042380445,-2.01708326431
2000-08-12,3.07923858574,30.8075289092,0.0520658573899,-1.6822245627
2000-08-13,3.12459748628,31.186381482,-0.725542381292,-2.21115855985
2000-08-14,3.74779801592,30.7993668898,-0.10486868734,-2.77351230588
2000-08-15,3.44243725596,32.5905685289,0.405013738875,-1.48282700666
2000-08-16,3.20966738903,33.617347651,-0.00185032129487,-1.59811668829
2000-08-17,2.22700644305,34.0373085013,-0.24215954083,-3.00213784112
2000-08-18,2.96532362167,35.3235918498,-1.39493468694,-2.93051775332
2000-08-19,2.08386414236,35.9355208862,-1.08684011609,-4.32665002382
2000-08-20,1.9443507323,35.3237332873,-0.437651164383,-3.44804999057
2000-08-21,2.82891165411,36.1406877679,-1.33722388491,-3.91444644162
2000-08-22,3.67787022042,34.8409650028,-1.10439448639,-3.90491394996
2000-08-23,0.286046594175,34.7083442989,-2.44861854379,-2.92355518081
2000-08-24,0.588804329647,37.3071486886,-3.53304150912,-1.84642828569
2000-08-25,2.39907216093,36.7308531059,-3.65363280935,-1.97311408555
2000-08-26,2.41128376904,35.769331751,-4.6622623471,-1.47128402486
2000-08-27,2.59288769257,35.1329985436,-6.23941487136,-3.25231575817
2000-08-28,3.07121578441,35.1902580855,-6.79274418573,-3.45472592842
2000-08-29,1.06289339377,35.0603760222,-6.34867323133,-3.19364086308
2000-08-30,1.24534488428,33.8530048186,-5.75424902214,-2.07824453602
2000-08-31,2.41329509671,33.4832503921,-5.67370366808,-1.4016938003
2000-09-01,3.84386867693,33.1824023233,-5.71305090774,-3.02810884869
2000-09-02,2.24865447293,33.0784225517,-6.54731331119,-2.80748652735
2000-09-03,1.55725910934,33.0226213504,-7.7810320441,-0.927865831805
2000-09-04,2.34992063827,33.8091192669,-6.45805662402,-1.72153264125
2000-09-05,2.16568669656,33.9171447382,-5.66956821396,-2.83408190983
2000-09-06,2.40277760825,32.6361800629,-5.42003952677,-0.945992929458
2000-09-07,1.96871233071,34.659953177,-5.9556839429,0.0690458323388
2000-09-08,1.87260139932,34.2793914162,-5.06486742719,0.0799180550644
2000-09-09,0.357087432473,34.1881042495,-6.08243820506,0.968739937158
2000-09-10,-0.97339498595,33.333322126,-7.20390619591,1.84135725764
2000-09-11,-2.54174555407,33.0057022941,-6.6904031052,2.13871454096
2000-09-12,-2.26676928134,32.2742448147,-7.81563416568,3.51102269263
2000-09-13,-3.45848081751,33.536802504,-8.55374807214,2.67648686669
2000-09-14,-2.32228493623,34.9898263925,-8.59043570786,2.25597975424
2000-09-15,-3.6815136921,34.8088414549,-7.50777439999,1.62940414567
2000-09-16,-2.83106966747,35.3846613241,-7.52248209625,1.10785318749
2000-09-17,-4.14645493734,36.8597521915,-8.31976814941,2.89906452093
2000-09-18,-4.34658760081,37.3150576733,-9.82323423616,5.12574189357
2000-09-19,-4.34576633532,37.5604809153,-10.4355105207,6.74260633805
2000-09-20,-4.09254804663,36.8294904301,-9.24858431292,6.78643629388
2000-09-21,-3.73104442938,37.2361620706,-8.35443882502,6.96311544876
2000-09-22,-4.03886088253,36.6300965286,-6.59060930165,8.42838317517
2000-09-23,-5.38190221358,35.8659189226,-6.32984720034,9.47896601675
2000-09-24,-5.83015756566,34.7642172335,-6.09899872608,9.37215490575
2000-09-25,-6.05932953133,32.2868297195,-5.01517184124,7.44696320661
2000-09-26,-4.97910634503,32.8190774992,-3.85339463791,7.68610752368
2000-09-27,-2.97123632443,32.6937897663,-4.15789904086,7.1791897439
2000-09-28,-2.30240543377,30.8003389283,-1.74476493831,6.41488625659
2000-09-29,-1.15298833816,30.6979522814,-1.92005914848,7.54533427406
2000-09-30,-1.66513988082,30.3723188612,-3.58057774334,7.24259041873
2000-10-01,-1.4611423803,29.6305503761,-3.57050340965,8.74974387005
2000-10-02,-0.0168784336742,29.2970647581,-3.0495066729,10.1589478319
2000-10-03,0.284731459302,31.3586082452,-4.7076943069,9.19783390335
2000-10-04,1.04494602725,31.3165613515,-4.64196005356,9.16550680479
2000-10-05,1.68564572341,31.5761622257,-4.26951615,9.69579036096
2000-10-06,2.06526585483,30.529729407,-3.27013643536,9.38072807291
2000-10-07,1.87502956612,29.9163659146,-3.99746827851,9.93983900513
2000-10-08,1.49890600151,29.9288096797,-4.84457618233,11.5650615802
2000-10-09,1.14797153453,29.5540267982,-5.04192140394,12.3159302193
2000-10-10,1.13758713869,29.2897595838,-4.53133367147,11.7634951629
2000-10-11,1.29955788991,27.4638867798,-4.50958859732,13.5197254617
2000-10-12,0.48814849748,26.4628323227,-3.29844195777,12.8656936835
2000-10-13,-0.550249580215,27.2530625323,-2.45930293643,12.8439605663
2000-10-14,0.0797353811456,26.4163647045,-2.40366836538,12.7036981435
2000-10-15,1.80831751237,25.7715539054,-2.79352073002,13.5270736895
2000-10-16,0.463858559986,26.8953619262,-3.2398091412,11.8671827314
2000-10-17,1.56062267937,27.2875852095,-3.38523753859,11.3541072429
2000-10-18,1.59902344425,29.0122650215,-2.93917752037,11.5910567127
2000-10-19,2.34378042631,28.9479969023,-3.25478472973,12.0598152487
2000-10-20,2.68938690811,27.6829718806,-5.49081190099,12.5940228496
2000-10-21,2.9373035739,27.7646943325,-4.27506502139,13.3820709858
2000-10-22,3.08188568023,29.2803542184,-4.83435513247,12.8964410005
2000-10-23,3.45178933585,28.2866072866,-4.13733892132,12.9316273142
2000-10-24,2.98237772664,28.2956598183,-5.34932539498,14.3510888042
2000-10-25,3.7012034164,28.112605351,-4.40380802763,14.1219523047
2000-10-26,1.91863439143,27.3662446122,-5.21728979041,14.2727263564
2000-10-27,3.51398405301,27.6426346055,-2.21617514705,15.1112776399
2000-10-28,4.75515284316,28.9521603697,-3.70820103649,14.2768953886
2000-10-29,4.99880047209,28.3454193539,-2.97961115601,13.2002233543
2000-10-30,5.86377850292,28.2166419765,-2.76870588354,13.875066833
2000-10-31,6.02323393432,28.7636521285,-1.0252477972,16.3949767769
2000-11-01,5.59336256364,29.2909167078,-1.51761024108,15.4934104364
2000-11-02,6.01908388323,28.0405401075,-0.771795792304,14.8720331564
2000-11-03,6.60622728346,28.4380910662,-0.465312300531,14.993032287
2000-11-04,8.06468945604,28.8555344001,-0.573794900484,13.9207822517
2000-11-05,7.71511085319,28.8700170577,-1.70437123839,14.0140137496
2000-11-06,7.31832013438,29.6640029239,-2.20747805522,11.8405420341
2000-11-07,6.64063001719,28.7513499543,-1.86543257435,11.3244646317
2000-11-08,5.8596291955,28.8046594129,-2.66511897853,11.2185806679
2000-11-09,7.00770111596,29.6406705542,-3.43724369728,10.4718380779
2000-11-10,6.97358031163,30.5915083103,-2.59483577477,9.84513346301
2000-11-11,6.30508858541,30.3346717357,-3.353032447,9.24673128864
2000-11-12,6.57318661431,31.2834038819,-3.29921836711,10.6534848025
2000-11-13,7.08289455421,31.6912115411,-3.09169241012,11.0669350316
2000-11-14,6.1886250176,30.1141600496,-0.153789318914,9.86637912619
2000-11-15,4.76054640516,29.9396309505,-0.933420562743,9.15008886378
2000-11-16,5.43231572764,31.0577111006,-1.6551041833,8.40980177522
2000-11-17,3.91855279111,31.6198645134,-1.09631886041,8.20835760666
2000-11-18,3.36308901447,31.0744216389,-1.03709633792,8.98881328695
2000-11-19,3.10513975496,30.3053141858,0.262551865627,8.37975048255
2000-11-20,4.4139045862,29.2375536286,-0.789333092689,9.03163799713
2000-11-21,5.0015045728,30.8931167993,0.168626791199,9.58107728602
2000-11-22,4.05929358401,30.8042395841,0.741707603285,9.47355963845
2000-11-23,4.73671855015,31.5187054004,0.977108976457,8.31475990475
2000-11-24,4.50762669712,31.1284446974,0.994967173958,8.36330324198
2000-11-25,4.42210064689,30.7089154678,2.25184531391,8.24313251851
2000-11-26,2.98926959656,30.6964773886,3.20667485174,8.0889514174
2000-11-27,2.32188042848,31.2127238592,3.14889909856,7.99510936064
2000-11-28,1.3250650543,31.2756820362,5.59276705514,7.35513203016
2000-11-29,0.616167784172,31.1399964786,4.78917045371,6.81775011029
2000-11-30,-0.697513966623,31.2615960947,4.18779178683,10.4795505463
2000-12-01,-1.36882590275,30.3250564913,4.64176089886,8.88224002236
2000-12-02,-1.30255357971,29.280318415,3.57946291299,9.87339086737
2000-12-03,0.0768851992564,30.7807268815,3.78667901566,9.60591265561
2000-12-04,0.345483204707,30.0023115286,2.26127359304,9.64928547319
2000-12-05,0.783670206359,30.4586827283,1.57391261675,11.0610139505
2000-12-06,0.389298957151,30.057513866,1.23072707548,11.3335305285
2000-12-07,1.00490153206,30.9566414036,0.991349186117,11.4974207312
2000-12-08,0.67972495561,31.2780355381,-0.567880261991,12.4127386171
2000-12-09,0.612957663964,30.6653201534,-1.47506698324,11.640757124
2000-12-10,2.10144868745,30.1828378774,-2.25576678942,12.1806880666
2000-12-11,0.764751969027,30.0772136027,-1.132611576,11.8108305688
2000-12-12,1.16111784601,30.044583052,-2.21650967656,10.4430601864
2000-12-13,2.11026932768,30.2216038854,-0.599925401333,11.5044636124
2000-12-14,2.1582248931,30.8423976753,1.38570981955,10.5331516116
2000-12-15,2.09464119427,30.2131883653,2.20742482474,11.470237655
2000-12-16,2.70906024655,29.8090008991,2.44651302341,12.6274871201
2000-12-17,1.49375277663,30.0240352911,3.73867574303,12.8959551882
2000-12-18,2.08845315549,31.3428806077,3.69978329591,12.6037062516
2000-12-19,2.71410097455,30.4464700118,3.62756934737,11.6916046425
2000-12-20,3.69995158072,30.5046274636,3.95284206295,12.1523243802
2000-12-21,4.72251549636,28.54069495,6.41769245378,11.9606338716
2000-12-22,4.99701214861,28.9381371072,6.91974943154,12.5517642894
2000-12-23,5.47013556606,28.7478736841,8.07664750838,13.1712178143
2000-12-24,6.43910384185,27.2575332807,8.64331918678,14.051401649
2000-12-25,3.58417394391,27.8629905529,9.07829593197,13.9304568603
2000-12-26,3.57249098192,28.2138467681,9.11157199913,14.5344499915
2000-12-27,3.536500339,28.4610495973,8.28899444265,14.7109481456
2000-12-28,4.29350308988,27.8166719246,7.41872526704,14.5143940069
2000-12-29,5.16786102145,27.7668228777,6.78273416561,14.5639674507
2000-12-30,6.14940588425,27.3295170757,7.41084113226,16.0197152895
2000-12-31,5.99530343968,27.2471959081,6.14889460361,13.7822440907
2001-01-01,6.02103367522,26.8050044414,4.80074622948,13.3198198883
2001-01-02,4.82578982368,28.8430780915,2.90142921857,13.4306384916
2001-01-03,4.12814279915,29.6144130255,2.27900723759,14.4875599025
2001-01-04,2.7424730359,29.8923598682,2.36067150135,16.1345601388
2001-01-05,2.29764111075,29.8537310064,1.88825783321,17.5797683725
2001-01-06,2.48582346978,28.8298557754,2.5830723859,17.61433236
2001-01-07,1.45995753768,29.4660821039,3.4312634948,17.0968518138
2001-01-08,1.0308012254,30.6331997967,4.54651356155,16.1655158057
2001-01-09,-0.897051505745,31.7133660491,4.83487391014,17.5075870233
2001-01-10,-2.13000933758,30.3158098489,5.00136986556,16.4464209677
2001-01-11,-1.95835341839,30.4300041362,4.89740044226,17.041500519
2001-01-12,-2.6231383539,31.158269096,3.53538558345,18.9505131978
2001-01-13,-1.61738806651,33.4459031412,3.13201583821,20.1060722543
2001-01-14,-3.32424476326,32.6626883608,2.06705921335,19.7741764786
2001-01-15,-4.10318553451,31.1669652443,3.06074356039,20.7801463043
2001-01-16,-4.25136368483,31.03316341,4.10212815527,22.1914235034
2001-01-17,-4.43084928706,30.5367282687,3.24319382249,21.8640326531
2001-01-18,-2.98359061327,30.364180892,2.81155395693,20.9369194093
2001-01-19,-3.88043516799,31.0469024561,3.52112856083,21.0905445114
2001-01-20,-3.74662476964,30.4174020665,3.22387688328,21.3019119811
2001-01-21,-3.72169330108,29.6036339609,4.59130263803,20.9147950792
2001-01-22,-2.88276930339,28.360152358,4.42455638669,24.1344992142
2001-01-23,-1.38229858451,25.5343670258,2.44679566671,25.0806954181
2001-01-24,-0.959377064859,24.7571666419,1.79669795933,23.9156947528
2001-01-25,-0.779241095094,25.5162557383,2.69304873958,24.9674199897
2001-01-26,-1.11248570723,25.9382724628,0.60096546937,24.9648102612
2001-01-27,-1.28859415675,26.8358019598,0.495350828774,24.380898789
2001-01-28,-1.87108772885,27.0861860307,1.16297279395,23.2157469035
2001-01-29,-2.45354664076,26.8755693522,0.563337239466,24.2200419
2001-01-30,-1.41831699995,25.2243962192,0.922760831971,24.2496558743
2001-01-31,-1.81401407255,25.5891352778,0.43708849969,23.9078318981
2001-02-01,-1.78675405464,24.5713263837,0.761561712428,23.2379418633
2001-02-02,-2.57767741091,23.8325200928,1.16311775247,23.1502986969
2001-02-03,-2.79974847255,23.9190511285,0.881795869132,22.9225418208
2001-02-04,-2.52795664803,24.1701410883,1.4745002859,21.0063585124
2001-02-05,-4.02488104426,24.2835623951,1.23491615243,21.7442979599
2001-02-06,-3.9125832619,23.8271536685,1.91045598532,22.0946843871
2001-02-07,-4.97661986427,24.8058437171,0.0890844997104,20.8675638593
2001-02-08,-3.49684584108,24.9005198236,0.966639857205,20.5994545812
2001-02-09,-5.0270813206,25.4501327684,1.50676919343,19.5032049181
2001-02-10,-5.72927016086,25.6678456541,4.32761053093,19.2183267036
2001-02-11,-5.58405741667,25.8142125165,3.96615977376,19.2861362081
2001-02-12,-5.45451111417,26.0074891015,2.21330771442,19.9405707545
2001-02-13,-4.50666382999,26.3288482617,3.76872733508,20.3170891052
2001-02-14,-2.89028924559,25.4731601842,4.5748180348,20.0436852879
2001-02-15,-3.67505648759,25.9584493034,1.36740991053,18.5496969434
2001-02-16,-4.97230290852,25.5993641992,2.51806258417,18.8144555085
2001-02-17,-4.04124856165,22.3194435433,5.19866932989,20.589091818
2001-02-18,-4.79261759346,21.065723274,3.76499014637,20.3136628551
2001-02-19,-4.36564132035,19.2957590542,4.61007169376,21.1062643247
2001-02-20,-4.87080875009,18.7974982083,4.09030784197,21.9708919625
2001-02-21,-3.38645746688,18.5204700015,4.5956628788,21.8315035394
2001-02-22,-4.64621245036,18.2605642722,4.02739283424,20.8723147774
2001-02-23,-3.23109354083,16.7514983021,2.57623335144,20.5443895942
2001-02-24,-4.36533372855,16.9412271026,2.03127186347,20.2842959576
2001-02-25,-4.42428919666,17.4126701105,3.09018308417,21.0275013913
2001-02-26,-2.31331098998,17.0889927347,4.24180390658,22.0659419083
2001-02-27,-1.85183428487,16.7592738725,4.25247134784,23.9111344835
2001-02-28,-0.768047230499,17.3266551372,5.89649450443,23.4947749608
2001-03-01,-1.18994597135,18.7886241461,5.93321098808,22.2865610701
2001-03-02,-1.27996123967,19.2419299077,4.23297316939,22.1674699229
2001-03-03,-2.25875910726,20.0348667749,3.05465163925,22.0950512854
2001-03-04,-0.297894286016,21.2679787384,3.95962035322,20.893725932
2001-03-05,0.630310806716,23.1804314397,4.09573324101,20.4893076273
2001-03-06,1.89822106631,22.4957303277,2.16512856253,21.1281362481
2001-03-07,0.781326449352,21.9511709132,1.33484251172,19.8176391276
2001-03-08,1.58286420372,21.5024134082,0.816053429619,20.9779934349
2001-03-09,1.95154182271,20.3686054423,-1.57973666243,19.8899142123
2001-03-10,2.50416039505,20.1297379814,-2.73203043358,20.1965254148
2001-03-11,3.5203775581,19.154109898,-1.80426889097,20.2959650801
2001-03-12,4.45239223373,18.9561009708,0.792396639124,20.4276758507
2001-03-13,3.81581009678,20.6608577926,0.590168987076,20.7337680208
2001-03-14,4.44023550277,20.9974832752,-0.096378914907,20.0887846529
2001-03-15,3.47759134618,20.4428016268,1.20075995483,19.7833016956
2001-03-16,3.51570049032,19.8557009124,0.182027337937,18.8741562343
2001-03-17,2.81590435361,17.5273385379,1.54046381063,19.6005862801
2001-03-18,2.34793816523,19.1138355829,3.07814149381,18.4566774697
2001-03-19,2.11087046786,18.5757866724,2.39988210229,18.8144456215
2001-03-20,1.86336409415,20.01789315,1.167711749,20.6237017155
2001-03-21,2.47988904124,20.6242281728,1.61877133191,21.9821931318
2001-03-22,3.69744349515,20.3927382648,1.24085587088,22.2143889281
2001-03-23,2.00787523512,21.0096414052,1.53529536585,22.6482366498
2001-03-24,3.71391429685,22.5448517724,2.92645294391,22.7058469567
2001-03-25,4.0552724433,21.1587479111,3.89016042295,22.6803953528
2001-03-26,2.09996964249,23.9462915099,2.13306256367,23.2227418093
2001-03-27,3.97886397344,23.6472513584,3.5708624841,24.5231397244
2001-03-28,3.37518394098,23.8089807079,5.07198124035,25.5840490263
2001-03-29,0.905791407319,24.676594953,4.82137153336,26.43207187
2001-03-30,0.279558294543,22.6831768492,5.67665811635,26.8863180209
2001-03-31,-1.25551339966,21.2893712429,6.15659719248,26.3120172551
2001-04-01,-2.78563483952,20.441255169,6.9171797955,25.9677505968
2001-04-02,-3.31490535405,20.1353784065,7.39674745095,26.3331619897
2001-04-03,-3.24380736568,21.8436071006,7.07066534591,25.1752616995
2001-04-04,-3.93570436339,21.4455011592,5.89400822822,26.0424406395
2001-04-05,-6.60019813688,21.8815888338,5.70495174967,25.2987221478
2001-04-06,-7.76121510668,21.7091667137,6.37755472729,24.6082534999
2001-04-07,-6.96410417622,20.4217337353,5.71321556211,23.843616382
2001-04-08,-6.28971717998,19.7098120314,3.04500503644,26.3385252749
2001-04-09,-6.34823625769,18.3620284988,3.69534914008,25.5276936151
2001-04-10,-6.56321902765,18.7219080582,2.55643841021,26.1499194142
2001-04-11,-5.55933229158,18.2293721502,1.36014206709,26.7277589735
2001-04-12,-5.23667778964,18.09572144,1.29805653059,25.9186421799
2001-04-13,-3.07107987062,19.1980743607,2.79513492873,25.2922197086
2001-04-14,-3.22226365732,19.6468628573,3.28043949226,24.7962965957
2001-04-15,-3.49861543354,17.6500220429,3.6433138265,25.6760269597
2001-04-16,-3.98072402968,18.045908685,4.13007455635,26.3921087903
2001-04-17,-5.17576408103,18.1175443416,5.10778835818,26.8529698878
2001-04-18,-4.69807047162,19.9886044584,4.67863066278,28.9904407913
2001-04-19,-6.69641782723,21.0515252054,5.55205115863,28.5329152414
2001-04-20,-6.22376622159,20.954315037,5.30333161925,28.7201627141
2001-04-21,-6.4555695893,20.2214841243,2.49500370807,26.8465901985
2001-04-22,-5.88862412214,20.7116736507,2.83702251111,26.3973656924
2001-04-23,-5.27406805096,19.0789677581,3.45850237198,25.0716273512
2001-04-24,-4.62218944202,19.8236536491,4.90800636619,26.7887499293
2001-04-25,-6.62040136168,19.3520803275,4.42530267964,26.2774690752
2001-04-26,-5.742275298,18.4762336041,6.48069800405,27.3579315516
2001-04-27,-4.5530944303,18.7284882346,5.36874498219,27.1560518641
2001-04-28,-6.12258586488,18.8242623511,5.61410075178,29.013053111
2001-04-29,-5.07074145774,19.5918342556,6.94013960924,28.227646122
2001-04-30,-5.17027818858,20.2770550123,6.16077297582,28.9481694906
2001-05-01,-6.60363377838,20.1510588434,5.97766122367,30.4677464531
2001-05-02,-7.03177952271,20.9985339294,4.69796694432,30.0607453733
2001-05-03,-6.4802438354,20.5706123797,5.57919719108,30.3476740904
2001-05-04,-6.33012184744,21.4007730949,7.06586155621,32.5378264005
2001-05-05,-7.61173957381,21.6767321628,6.25460351318,32.0975282402
2001-05-06,-7.89701776709,21.9652955079,6.92555052215,32.4224458567
2001-05-07,-8.40444734027,21.8518121475,7.59857546675,34.3749174578
2001-05-08,-8.25757334817,22.1377628475,6.98511031644,32.6771951462
2001-05-09,-6.87301144924,21.4944888942,6.74774869051,35.1458864681
2001-05-10,-7.21254132252,20.1654711777,5.65352768187,34.6934804483
2001-05-11,-7.30357502736,20.6329722543,3.14229159792,34.139699475
2001-05-12,-5.72657684822,21.1919813628,2.01953244742,35.636107036
2001-05-13,-6.32730014821,20.4079884281,1.84507946153,37.0593262542
2001-05-14,-7.10972678921,20.3850278001,2.11657178078,35.3503002459
2001-05-15,-6.70513774876,19.9316521959,2.38103782605,34.5325878786
2001-05-16,-5.69078013874,20.7831559483,3.23516523104,35.1484469335
2001-05-17,-5.85268873852,20.4706153152,4.494737954,34.973648829
2001-05-18,-6.12480528154,19.4283954505,5.01178356712,35.8235120238
2001-05-19,-5.03792203136,19.2036829869,5.01446474906,35.4589385352
2001-05-20,-3.64573444023,16.9484516295,5.36231933375,34.4718308829
2001-05-21,-3.81582270464,18.3056416068,6.05849598946,35.7986500408
2001-05-22,-3.9728479419,18.8130222785,5.69108629788,34.4752626935
2001-05-23,-3.75881118735,18.4796386213,5.58156772624,32.8939748343
2001-05-24,-2.75979325328,17.9624157121,5.54309751894,32.2367810604
2001-05-25,-2.81154977492,18.3740996582,6.52979762126,32.9393361013
2001-05-26,-3.32366270144,19.2583107195,8.11891431942,31.4068168714
2001-05-27,-4.21271988686,19.9454815576,8.30106252771,34.1746067789
2001-05-28,-3.62846836487,20.1012196785,7.37793334638,33.8113561478
2001-05-29,-4.45436174829,19.1534223833,5.90821478829,33.4568123522
2001-05-30,-4.88336090364,16.6581496429,5.22017391304,34.5092007208
2001-05-31,-6.30439628919,16.8226003685,3.10457959612,34.7969028605
2001-06-01,-5.13264834161,16.6324783468,3.8004099681,34.6552963882
2001-06-02,-6.63877237998,16.4888478071,4.79081770626,35.2221546358
2001-06-03,-6.51745794048,17.183175221,5.34342156512,33.9762647504
2001-06-04,-5.76439759717,19.7457403185,5.13195189212,34.4048489542
2001-06-05,-5.28860130634,19.6178870075,6.0609042373,35.1515236628
2001-06-06,-5.38364256137,19.7248466236,7.91326810543,36.0780626317
2001-06-07,-5.64803054633,18.6997740374,9.18233737383,34.6092172117
2001-06-08,-7.86470219733,17.9234993204,10.6669515428,32.8588728455
2001-06-09,-8.37739669632,17.7332195157,9.80157861754,32.4427243942
2001-06-10,-7.97443416376,18.0960403689,8.74578961354,32.3951715499
2001-06-11,-8.9000737255,18.1256690089,8.10778581085,32.4523515724
2001-06-12,-8.08711843398,18.7668912878,10.055021938,33.3797482322
2001-06-13,-8.31357798893,18.1425720948,11.046027687,34.7781678228
2001-06-14,-7.99479098522,16.6277674324,11.1728619841,33.419539106
2001-06-15,-8.29874754212,16.1906483827,12.3404530777,32.8783259297
2001-06-16,-7.64581807811,16.4706319142,10.2266054247,31.7307931038
2001-06-17,-6.12481842356,15.7636420154,12.0556987682,30.1888470842
2001-06-18,-6.50850583894,15.0951435208,11.635248963,30.2598919824
2001-06-19,-7.53192921097,14.5030991615,12.5401753482,30.851573383
2001-06-20,-8.28599611769,15.2890186909,13.1828337366,29.7905401415
2001-06-21,-8.25495089803,16.7639343844,12.4650146891,29.7732847175
2001-06-22,-10.5433581456,15.0296913048,14.6842745938,30.9268705884
2001-06-23,-10.7205590064,15.2717421676,14.8522207756,31.5577481977
2001-06-24,-11.8735888556,14.8685038381,14.6766602528,31.6660303901
2001-06-25,-11.7162982309,14.2219814269,14.5307007039,31.0073343154
2001-06-26,-11.0587991331,13.5585455613,13.9917413769,30.7546746334
2001-06-27,-11.7972063231,13.2773779367,13.7557192985,30.8088836289
2001-06-28,-11.2556323741,13.7687109723,13.2654107058,29.7394239923
2001-06-29,-10.6214968812,14.4323417697,13.3469089711,28.7868415664
2001-06-30,-11.1084460611,15.5159998465,12.9760156606,29.4078455403
2001-07-01,-11.7504003668,13.3896643493,12.819116515,28.482594114
2001-07-02,-10.6220902739,14.7821808346,13.4752723631,27.0439853413
2001-07-03,-8.92297022327,14.952083967,12.2414384033,26.9703806051
2001-07-04,-9.42984240846,14.4989006825,12.0747142286,26.6049507142
2001-07-05,-8.33453452456,13.8339108001,12.6290610557,27.6224729692
2001-07-06,-7.10107113353,14.2399638893,12.2027027876,26.8679719439
2001-07-07,-6.67213453338,13.8846291513,11.2206658407,26.7499119544
2001-07-08,-6.72735375263,12.6447565924,11.5803848241,26.941105932
2001-07-09,-3.59685021293,12.0870249138,11.960046554,25.3039354597
2001-07-10,-4.82577182341,12.1586186043,12.5062337404,24.8886412812
2001-07-11,-4.37102822128,10.913970023,13.2440934531,25.9405446774
2001-07-12,-4.10102380077,9.61895251819,13.0458776831,25.7009858096
2001-07-13,-2.23624260172,8.53485606613,15.6308091872,26.2859921495
2001-07-14,-2.49336623281,9.15854703052,14.6746719662,26.0668049277
2001-07-15,-3.66165347885,10.2443339933,15.5171560158,25.827507757
2001-07-16,-3.04614676364,9.50312153673,15.5305554307,26.6199274394
2001-07-17,-2.81325803921,10.1424179106,12.9706690929,28.0601640511
2001-07-18,-4.31669557138,9.9303135724,12.8864914857,27.7615990313
2001-07-19,-3.29435648479,10.7331160783,13.9301867506,28.8204290096
2001-07-20,-3.34092519368,11.3170797759,14.6695194955,30.3490350091
2001-07-21,-3.73169771983,10.2414565595,15.0043018588,27.4782648013
2001-07-22,-5.83816192177,8.57674847897,14.2515545603,26.4201883221
2001-07-23,-7.17132416745,7.13950014213,15.0788077359,27.9450583326
2001-07-24,-5.36369557637,5.77364066478,14.891709983,26.7522096027
2001-07-25,-7.06011972108,4.9518799283,14.418047034,26.673777698
2001-07-26,-7.12687655542,3.44143729555,14.7069992601,24.5420652978
2001-07-27,-8.04356722853,4.0832709778,12.7359577262,25.7828359251
2001-07-28,-7.27516257494,3.80069995071,13.4470790297,24.8473481279
2001-07-29,-7.10759615999,5.02141004895,13.2901137039,24.7908992393
2001-07-30,-6.22992523684,4.28537719942,12.8255768715,23.0747931155
2001-07-31,-7.1055553627,2.28511965921,12.2438058589,22.8841168877
2001-08-01,-8.41937507334,1.86447242006,12.7140276729,21.0946690994
2001-08-02,-9.44680398213,1.04945539153,12.5067897094,22.0391043254
2001-08-03,-8.38713083863,-0.21358802679,13.0604379733,21.8238721736
2001-08-04,-8.27643854904,-1.86534860777,14.1638268714,23.1967064842
2001-08-05,-8.92466125231,-1.07035788156,14.2171160848,24.5765250573
2001-08-06,-10.3385868375,-1.37632612071,14.6524132599,23.9422653424
2001-08-07,-10.6593111137,-1.11751129185,14.1057510051,24.4807432521
2001-08-08,-11.3412884158,-1.16157102705,14.2651316349,24.3086895581
2001-08-09,-11.1757363113,-1.19397843763,14.2509756622,22.6335257295
2001-08-10,-10.3121201242,-0.210660137602,11.3935467558,22.7533205598
2001-08-11,-11.4751646546,-0.0166033732741,10.7103758915,22.6055519633
2001-08-12,-10.2260115121,-0.289667234189,10.3874153318,23.0776473282
2001-08-13,-9.52211061503,0.963005475152,10.0900445713,23.6758368274
2001-08-14,-6.70751475117,-0.157303106378,11.1931920646,24.5756206266
2001-08-15,-6.98282464581,-0.174440246752,10.1313655337,23.9866823369
2001-08-16,-8.42798552977,0.160431898836,9.28566087652,24.4152829062
2001-08-17,-8.44768862492,-0.115989949785,9.22060913278,23.2568189944
2001-08-18,-9.60404289908,0.634930324272,8.50902215417,24.9541423178
2001-08-19,-11.6941610308,1.24353479152,9.15370895785,26.8571090104
2001-08-20,-12.2691659939,0.238347699067,9.17885062288,27.597376048
2001-08-21,-13.0001158368,0.763262280753,8.93574637578,28.4931596618
2001-08-22,-13.0270074559,2.25060448445,10.5411792811,27.5842229721
2001-08-23,-13.0221021821,-0.195824765722,9.32935338958,28.147992896
2001-08-24,-14.4457579397,-0.522309783323,10.0561250964,28.4913924831
2001-08-25,-14.6303786565,-1.28860304378,11.1930844958,27.7653315797
2001-08-26,-13.8507448903,-3.27631366604,11.9046427925,28.5721011127
2001-08-27,-14.9871396878,-2.05674453848,10.5684702866,27.6739075704
2001-08-28,-15.3308580548,-1.85848626908,11.739505245,29.6824594384
2001-08-29,-14.7363809249,-1.89092453124,10.6526759403,28.6103636182
2001-08-30,-16.1273279904,-2.57040215694,10.2205324103,28.7120075386
2001-08-31,-16.9347794616,-3.85047216144,8.65680153593,28.0007190087
2001-09-01,-18.1158412904,-4.33949588076,8.85203792927,28.4075066076
2001-09-02,-17.2701328894,-6.36640465846,7.38262743733,28.7945191553
2001-09-03,-18.6228790561,-4.9787796049,7.24629387296,27.7509145768
2001-09-04,-17.4661350106,-4.18982340949,6.72084344798,26.2120663436
2001-09-05,-16.4995803588,-3.85264362748,7.87405569509,27.8937708829
2001-09-06,-18.9742426481,-3.99927921044,8.19786485564,26.716368748
2001-09-07,-20.6406633834,-3.68726174287,8.90245342519,27.4958331814
2001-09-08,-22.529765806,-4.30714712733,9.35784078757,26.1595421897
2001-09-09,-22.0757282262,-3.86034772523,9.6750151156,26.1251808527
2001-09-10,-23.707184212,-1.5467340223,9.41840523198,26.0834683319
2001-09-11,-25.5505745968,-0.8769097381,10.205536464,26.5448505844
2001-09-12,-25.4333042585,-1.18493175832,9.94868719096,25.8094042727
2001-09-13,-26.6126729901,-1.70566645591,9.66040113079,27.1123720429
2001-09-14,-25.9859765314,-1.93088946432,7.94156426068,26.7674078439
2001-09-15,-24.3700737618,-4.35703720806,8.54254216904,25.868138243
2001-09-16,-24.4685600145,-3.90296786657,8.60234075415,25.3953227824
2001-09-17,-25.0138895647,-2.91128622538,7.82129518239,25.2945069745
2001-09-18,-25.0818659801,-2.70240995588,6.15364885059,24.2077784637
2001-09-19,-23.5187229852,-2.48427088901,5.56704854867,24.4712696584
2001-09-20,-24.2294063152,-1.84164195535,3.94714776436,25.1070311542
2001-09-21,-23.9458136356,-3.02443331147,5.38172592394,26.843732821
2001-09-22,-24.9822376808,-3.61801808059,4.65440639494,26.9775455247
2001-09-23,-25.180430166,-4.8037530057,3.71665460853,27.0919664574
2001-09-24,-25.6014540834,-3.77393645551,2.95301562549,27.1122744528
2001-09-25,-27.3724254006,-4.7831558361,3.87098003414,26.1972765043
2001-09-26,-26.791364315,-5.76973045655,4.20232802197,26.4286428805
2001-09-27,-26.1417457771,-4.72693790912,3.43078000152,27.012850807
2001-09-28,-26.2368520704,-3.62523064876,2.43342080877,28.2527318933
2001-09-29,-26.2031010117,-2.90408809561,0.408289945185,29.5774627351
2001-09-30,-28.1578466839,-3.39254010176,-0.115561526227,29.9814448523
2001-10-01,-28.221084748,-3.53604048444,-0.143934991882,28.7753962283
2001-10-02,-28.0307759975,-2.92565030996,0.0114066545602,29.9290078018
2001-10-03,-27.016857624,-3.83238275653,0.017590666431,31.1907045331
2001-10-04,-28.4805961997,-3.84632987523,0.09482470849,32.6495345773
2001-10-05,-29.0459074825,-3.37920833698,0.213065658819,32.1499004451
2001-10-06,-29.0093005189,-3.73562632643,0.249159421442,33.7652829552
2001-10-07,-29.1364107371,-4.54833567027,-1.2823632853,34.1547158176
2001-10-08,-28.9011348769,-4.25605808716,-1.24196029349,34.0505480162
2001-10-09,-29.3215052762,-4.45855159536,-2.05607188756,33.0538376214
2001-10-10,-29.7548875364,-5.42791858341,-1.47285401949,33.1335476447
2001-10-11,-29.619175751,-3.33326195839,-2.05762831462,32.7252242269
2001-10-12,-30.4898491852,-4.03004357816,-2.13073944542,35.2921584986
2001-10-13,-30.3759014919,-3.18132942855,-2.21918180174,33.7592805814
2001-10-14,-28.9795017682,-3.21128305977,-0.96496233145,33.5337840674
2001-10-15,-27.9922398986,-5.02109569799,-0.0404686236011,34.1301349397
2001-10-16,-26.5340544386,-5.27718547762,0.0954889065876,32.7304058112
2001-10-17,-28.4409221908,-5.3184151901,0.118595902354,33.1317423108
2001-10-18,-29.4278438332,-5.29036101183,-1.52560015321,34.2915208757
2001-10-19,-29.0040879375,-5.88680566081,-1.54153212922,34.3048213066
2001-10-20,-29.3875472398,-5.34632990961,-1.56713589227,34.2639829164
2001-10-21,-30.0647418051,-4.5349796773,-2.21049429132,34.5715738222
2001-10-22,-30.0298121301,-3.64784804234,-2.56135361563,35.7596347491
2001-10-23,-30.9908357062,-3.8974002847,-1.64740082611,34.5135068809
2001-10-24,-31.9614672853,-2.49056653275,-2.51345638047,32.8840372411
2001-10-25,-30.6932814656,-3.09828326002,-2.21056698863,32.6415869741
2001-10-26,-29.9683626258,-3.10101688497,-2.7532186338,33.0583162207
2001-10-27,-30.1941946009,-3.76832823294,-4.3658976198,34.557770397
2001-10-28,-31.1047520729,-2.71546242956,-4.76569485866,33.2944257298
2001-10-29,-31.2371819217,-1.17550960993,-5.17134418946,32.8167042565
2001-10-30,-32.092145159,-2.04920863398,-4.96404033685,34.6283636892
2001-10-31,-32.7465895736,-1.28130744801,-5.16357701176,34.4797090791
2001-11-01,-33.1108427057,-1.38928411436,-4.99282351405,34.3436522115
2001-11-02,-33.3398696325,-0.659998733794,-3.9703446385,34.5489749751
2001-11-03,-33.9699570111,-3.79515799709,-2.21665151823,34.6289106655
2001-11-04,-33.9659194085,-5.07199965926,-3.16573614198,34.2465178331
2001-11-05,-33.6815709417,-5.80881834565,-3.17799589559,34.446217725
2001-11-06,-33.0378174838,-5.29874437081,-3.11824665966,35.134768726
2001-11-07,-33.1642836124,-4.92221425703,-3.09401109211,34.2418685965
2001-11-08,-33.6273095328,-5.41152793748,-2.44174169983,34.733247534
2001-11-09,-33.9295389344,-5.79049558391,-0.953658554981,33.6691258701
2001-11-10,-33.6333311707,-4.61754484712,1.54400446277,33.6501632321
2001-11-11,-33.8464144885,-4.93009187996,1.46206879683,31.9195618558
2001-11-12,-34.2003587905,-4.29928004008,0.0952947542866,33.4254766405
2001-11-13,-35.0425088003,-4.07755452897,0.805347730236,33.5373698882
2001-11-14,-35.664108927,-4.36267070756,-0.407776365832,34.0104115734
2001-11-15,-34.0498366506,-4.26738047452,0.706362606634,35.3509565054
2001-11-16,-34.2606933321,-4.14548665694,-0.0687929662153,34.3556942741
2001-11-17,-33.664010304,-5.56016317515,1.38744649626,34.1205635374
2001-11-18,-32.7559567717,-5.14937140104,1.77756457381,35.6332116861
2001-11-19,-34.2029232119,-6.50950779929,0.240200118903,33.4715444988
2001-11-20,-34.2189586075,-6.57282872846,0.378119032773,34.8453921466
2001-11-21,-33.9698530644,-8.77287730587,-0.183739702832,34.4129005498
2001-11-22,-33.2444681444,-8.70125208693,-1.31448432705,35.349791336
2001-11-23,-31.8480838477,-8.36481452749,-1.22568336538,35.2859939944
2001-11-24,-31.4581858152,-7.28363364345,-3.05133009658,33.9726471747
2001-11-25,-29.6131012566,-6.43999152996,-3.19292670932,33.8480782958
2001-11-26,-29.8076470938,-7.70061991221,-3.06420044986,33.7237039708
2001-11-27,-30.7295342326,-8.5945910996,-2.71666826455,31.9243519215
2001-11-28,-29.7632183047,-9.77564056153,-2.62921064652,30.3768596233
2001-11-29,-31.4639013384,-8.12354422519,-2.89474774493,29.2387696004
2001-11-30,-28.9312457403,-8.41930892982,-2.03867435868,30.0168090841
2001-12-01,-27.8881019558,-9.21873495471,-4.1089980475,31.0644804188
2001-12-02,-28.4941590482,-8.9352642405,-7.25766303401,31.6642836852
2001-12-03,-29.3043057057,-10.3556615359,-7.96112771252,33.1027072603
2001-12-04,-28.2339063503,-11.3117861372,-7.67913065349,33.0415118941
2001-12-05,-27.7741712829,-11.3518174735,-8.0922380535,32.9729492978
2001-12-06,-28.0008088487,-12.6936018486,-8.5194261048,31.5004212199
2001-12-07,-27.8972695509,-12.5108502199,-9.91273195508,33.6158523965
2001-12-08,-28.4678625514,-12.6249280016,-9.49342529572,33.7816182858
2001-12-09,-28.6111411993,-11.5199220508,-10.06831509,35.5941475775
2001-12-10,-29.3379823859,-11.0167315214,-10.7097395576,34.6575673036
2001-12-11,-29.894773365,-11.1241411638,-11.137206767,35.1961838265
2001-12-12,-30.9026448656,-10.59517617,-11.8361131814,36.459136124
2001-12-13,-29.6248480463,-11.2587973304,-11.9267481527,36.5149269963
2001-12-14,-29.571893225,-9.09033894953,-14.0275329526,37.8312451543
2001-12-15,-29.0204942584,-8.48306467934,-15.0737701589,37.4006710183
2001-12-16,-28.8586345218,-9.09456600439,-14.6405264921,37.1582182576
2001-12-17,-28.4414180309,-9.6623199241,-15.5910860144,35.9446291104
2001-12-18,-29.6702005595,-7.57767438129,-15.7627809464,34.5839229845
2001-12-19,-30.9692044384,-6.53412599184,-16.1722341013,36.0338970864
2001-12-20,-28.6029193377,-7.2928575263,-15.218744959,33.9744843942
2001-12-21,-26.8868950913,-8.00030460953,-15.0148319619,33.9197440226
2001-12-22,-29.3067227175,-9.13516445935,-15.2657165094,32.4432386765
2001-12-23,-30.6437956809,-6.88331265952,-16.0993818582,30.3675938699
2001-12-24,-30.2450383519,-5.8897039667,-17.0590129415,31.2417161245
2001-12-25,-30.418397423,-5.39714521212,-14.9124665902,31.6533581706
2001-12-26,-29.2831085651,-4.45253776525,-14.0845995241,30.0895086421
2001-12-27,-29.6164168894,-5.6199059485,-15.8173467835,30.3782922596
2001-12-28,-30.6166715096,-5.01746734474,-16.3967240648,30.1967794513
2001-12-29,-31.0069541335,-5.31142811694,-19.3027608129,29.6718146636
2001-12-30,-32.9723997349,-5.06331841749,-18.7493977881,30.0197195238
2001-12-31,-33.5570574053,-4.06990614225,-17.1355103588,28.5456154153
2002-01-01,-33.6044988457,-3.26908828624,-16.0243038478,30.8305711727
2002-01-02,-34.3083126873,-4.72776696138,-15.9023884185,28.6476850954
2002-01-03,-34.1504601929,-5.24318873411,-15.4285816866,28.8942371589
2002-01-04,-32.0838882348,-4.36853547893,-16.7921360343,27.8410256346
2002-01-05,-31.5055737964,-4.79090406686,-14.7357531457,26.9347425643
2002-01-06,-32.3035857609,-4.58198830824,-15.5382155643,28.1779718621
2002-01-07,-33.2453534937,-4.67472163918,-15.6663805359,26.3505919355
2002-01-08,-32.5565905112,-3.85030959507,-15.3248701128,23.9164278835
2002-01-09,-31.7182987352,-3.07682035949,-15.68121868,22.25979578
2002-01-10,-30.6776328152,-2.20478619655,-17.2858724626,21.6104159188
2002-01-11,-29.4880732758,-2.08558973779,-18.1768095969,22.8684290801
2002-01-12,-29.6408578702,-1.99318279373,-18.0469575778,24.2281517782
2002-01-13,-29.4209363693,-3.30380989861,-18.5696081667,26.5868376178
2002-01-14,-29.4485868681,-1.11715301184,-17.9919413054,26.9301060501
2002-01-15,-29.6765363824,-1.2468078996,-16.907378219,27.2222310708
2002-01-16,-29.2832287063,-0.59342777621,-17.4547638603,26.0534731061
2002-01-17,-31.5287080322,-1.6058122459,-18.452408758,26.3585934243
2002-01-18,-31.1710135297,-3.26521358987,-19.2947931012,25.9667755815
2002-01-19,-31.2106237289,-3.78574781535,-19.7835599499,26.4381617744
2002-01-20,-30.6606473437,-3.08950028182,-18.087466505,27.1684896514
2002-01-21,-30.9776255112,-3.55509028436,-17.5236455733,27.8266453981
2002-01-22,-31.1697740175,-1.628438153,-16.2441272351,27.0629077531
2002-01-23,-32.0525097615,-1.28696058111,-16.2675040148,27.3976242906
2002-01-24,-33.602538602,-2.01017515002,-13.7743814633,27.262352103
2002-01-25,-33.3374451072,-2.85004203885,-13.6858828048,27.9906657812
2002-01-26,-33.9220449146,-3.30840287165,-13.5134904297,25.3731728192
2002-01-27,-34.3603296711,-2.80618067278,-11.8848383019,25.8821140068
2002-01-28,-33.614529865,-1.95597606562,-12.639396598,25.9844833083
2002-01-29,-33.4869967728,0.989781524017,-11.8663830555,25.6269454636
2002-01-30,-34.285299445,2.09562172575,-12.5207087654,26.9474195599
2002-01-31,-33.8340583773,1.52374738164,-12.8169641591,28.2796152667
2002-02-01,-35.2758597537,0.225679546544,-13.5418857916,28.6882296862
2002-02-02,-35.7037566363,0.62834684751,-13.0895076922,28.5197986198
2002-02-03,-36.1300461602,2.36066725788,-13.6741117973,28.5518598429
2002-02-04,-35.1807654625,2.46633466268,-14.0187330466,28.0938336597
2002-02-05,-34.5005634585,3.26007102077,-12.8392622401,27.3697425233
2002-02-06,-33.9891352687,2.92062067209,-13.1279341569,27.4601420529
2002-02-07,-33.5021226658,3.31626465557,-14.357668573,26.7512614636
2002-02-08,-33.7113979519,3.41661534801,-14.6065169695,25.9496845807
2002-02-09,-34.3478737979,3.37151969348,-14.5389583558,25.1726281333
2002-02-10,-34.7098710085,2.40721934927,-13.3099546514,24.8003495488
2002-02-11,-34.4584672629,1.62522451702,-12.9334469135,23.9694468552
2002-02-12,-33.8743081153,2.56401169494,-14.6755382173,23.2264721762
2002-02-13,-34.0511939275,1.30429386337,-14.1885522893,21.9212026153
2002-02-14,-35.1328886503,1.18290427702,-14.0703787942,21.6205381089
2002-02-15,-35.1846930526,-1.02156776457,-16.6677615382,22.7422454649
2002-02-16,-33.7841122371,-1.79285172704,-15.4616483825,22.7411546884
2002-02-17,-33.4580301531,-1.37810129048,-14.9697331159,21.5555063681
2002-02-18,-33.5432842424,-1.37015780814,-15.3541271404,22.2113821534
2002-02-19,-33.173749793,-1.81186544925,-14.6632084007,22.8668427224
2002-02-20,-33.582779111,-1.53303992371,-14.3976894925,21.7387691197
2002-02-21,-34.4469213602,-2.74259971624,-13.3836057728,20.9182201884
2002-02-22,-34.978343508,-3.62632922891,-13.0258632713,19.1253859657
2002-02-23,-36.2090661285,-3.49380208828,-12.7092369571,18.0227856566
2002-02-24,-34.57484788,-3.91877341267,-13.2249517785,18.4014208499
2002-02-25,-34.9185732024,-5.12314897366,-14.5985899843,17.22940838
2002-02-26,-34.9509331336,-6.63925131224,-15.9676866063,17.4700172798
2002-02-27,-35.1905909734,-7.0659047343,-15.3694788949,17.8677042446
2002-02-28,-35.2073511467,-6.9119184035,-15.9854483211,17.7102310414
2002-03-01,-32.7722949731,-7.31562342903,-14.8121910776,16.1857644899
2002-03-02,-32.3250156717,-7.59854062374,-14.2736501411,16.3320230103
2002-03-03,-31.8343430809,-7.09617684803,-15.2320976806,16.602528702
2002-03-04,-30.8295492259,-8.63484727891,-16.315500238,15.4802647176
2002-03-05,-30.4924857092,-10.0642061183,-15.3338564363,15.1593390562
2002-03-06,-30.3583849589,-9.224861172,-15.1502501145,13.6789856631
2002-03-07,-30.6103573295,-8.1225453265,-15.0361683622,13.8479111392
2002-03-08,-31.8662300409,-8.75309007245,-14.0374027122,13.3775989559
2002-03-09,-33.1827694745,-10.1904067259,-14.6116947099,13.6295779084
2002-03-10,-33.2316504035,-10.1761303132,-14.2226660076,11.3531575361
2002-03-11,-32.1090982888,-8.82911750402,-14.3743598147,11.8286062317
2002-03-12,-32.1918983259,-8.6096215055,-13.3314944377,13.7674029948
2002-03-13,-31.5582917574,-7.29842575094,-13.010258605,12.9928151082
2002-03-14,-31.5068322334,-5.65607634642,-12.8744395087,11.8750420685
2002-03-15,-31.7941695063,-5.22541145983,-14.4024068233,11.9517041759
2002-03-16,-30.6576231181,-5.84731533574,-14.0145456215,9.54508887592
2002-03-17,-31.9021592078,-3.87996054365,-13.5611540305,10.1770756372
2002-03-18,-30.8462551488,-3.89816525571,-13.3355352296,10.7456095788
2002-03-19,-30.4516378818,-4.79405393794,-13.0487969754,11.1480394357
2002-03-20,-32.419216728,-4.88835507721,-12.377012701,9.93764420538
2002-03-21,-32.8655312521,-4.38103016295,-12.3522701412,10.1527436646
2002-03-22,-31.8782445596,-4.65655850992,-13.0998450909,10.8406759122
2002-03-23,-30.9522171541,-5.37842656803,-14.8691424853,11.6049103928
2002-03-24,-31.1639121114,-6.01638954047,-13.4909338763,11.1705643919
2002-03-25,-31.9300820127,-4.95038245021,-13.5557426475,10.3332613253
2002-03-26,-32.8437908458,-3.50532601169,-14.2932343964,10.4265349689
2002-03-27,-32.3675720159,-2.56186501257,-16.2250802794,10.2733630212
2002-03-28,-32.0187565525,-3.26857466674,-15.0592853722,9.88865717455
2002-03-29,-32.8572695175,-2.86002714425,-15.072998115,9.96557555353
2002-03-30,-32.2506095929,-2.34614781554,-15.4789822205,9.85142743887
2002-03-31,-32.4610676737,-3.13515472929,-16.0866643708,9.12177814523
2002-04-01,-32.9160882395,-5.86559260783,-16.2002959694,8.35225917318
2002-04-02,-34.2579881151,-5.9208535085,-16.9284430904,8.3199956105
2002-04-03,-31.99949515,-7.53506657541,-16.8666634674,7.68190008763
2002-04-04,-31.5803885519,-6.36850682396,-18.8423077004,9.11117627543
2002-04-05,-31.9746915802,-7.2535196802,-20.6197968085,9.57675841679
2002-04-06,-31.9879952203,-6.98077246448,-20.2838734049,9.1775676612
2002-04-07,-32.8021901495,-7.15496302514,-19.8619375658,8.81387779814
2002-04-08,-31.4960973396,-7.68007606258,-17.9715058726,9.37188765966
2002-04-09,-31.2871564999,-8.18695057304,-17.1302757661,8.87189464098
2002-04-10,-30.8100736586,-8.15925719689,-15.1924855758,7.99224242123
2002-04-11,-29.6441374749,-7.49322658299,-16.1154748114,6.42513552661
2002-04-12,-28.0590936205,-8.07375804333,-15.7487609682,8.18136343704
2002-04-13,-29.4931913177,-10.2413447105,-15.3503012999,7.3318573357
2002-04-14,-28.0682096488,-10.1777087116,-16.005612901,7.23211322702
2002-04-15,-27.614864098,-10.1477256553,-15.4015442798,6.71267573669
2002-04-16,-26.4013533338,-12.6903696842,-17.6453225445,6.03649486042
2002-04-17,-25.1582575581,-14.4191643391,-17.9700371884,6.04581140384
2002-04-18,-25.2997069832,-12.9828798047,-18.1056871894,6.95405346805
2002-04-19,-25.1470487965,-12.9861997685,-19.8627185407,8.14938530388
2002-04-20,-24.6799939639,-12.6299505956,-20.8127778428,8.25759120431
2002-04-21,-25.4672218448,-13.8626536804,-20.6384329534,7.71159708647
2002-04-22,-26.6109328783,-15.3312675962,-20.6100203691,8.007836764
2002-04-23,-26.6757189058,-14.7447088931,-20.7585879325,7.64270237248
2002-04-24,-26.7003383695,-14.7468760097,-19.7743151234,7.55515385746
2002-04-25,-28.2453548815,-13.1603082513,-19.6520795275,6.38657157087
2002-04-26,-29.3892668219,-13.4908774814,-20.6219037865,7.45852414784
2002-04-27,-29.2847316911,-11.4689795245,-19.3340950423,7.5216839209
2002-04-28,-29.0475499604,-11.3419953995,-19.3540738873,6.2133424665
2002-04-29,-27.9708428348,-12.1484044994,-20.2659890202,3.72001648277
2002-04-30,-29.0711054554,-12.3854019889,-19.1413313915,4.33487684822
2002-05-01,-28.9651339127,-13.7087403836,-20.0927903723,5.00050207557
2002-05-02,-30.7892956828,-14.4652332871,-19.9184603318,5.68031932954
2002-05-03,-31.9224162702,-16.3037506468,-20.9770293608,7.56917670105
2002-05-04,-32.3653566395,-17.1121652897,-20.2257426188,7.03958506604
2002-05-05,-33.1425409754,-16.643857777,-21.0245569533,7.15739488001
2002-05-06,-33.6315914743,-15.8432244762,-20.4241825396,7.56919605356
2002-05-07,-34.3039110082,-15.5166622346,-20.280347434,7.80105277236
2002-05-08,-34.1117370082,-16.7669238583,-18.8907288265,8.34571560557
2002-05-09,-33.9223240705,-15.6854209837,-17.9401827893,8.30345042569
2002-05-10,-33.1354626724,-14.9089698018,-17.3928097574,9.93993584606
2002-05-11,-35.3211271269,-14.9456523313,-16.7996744567,9.59368106144
2002-05-12,-35.2819784857,-12.8083252232,-17.5453596814,11.5412924348
2002-05-13,-34.7176201552,-12.8151393215,-17.960891322,13.8991950852
2002-05-14,-34.5911033956,-13.660037179,-17.7277175138,14.2049955547
2002-05-15,-35.8961160335,-13.2873604987,-17.4518350053,15.0513655481
2002-05-16,-36.2623993058,-12.9463791948,-18.5857060871,13.5132030132
2002-05-17,-35.7822040071,-12.6967398658,-16.1634555575,13.1395565545
2002-05-18,-35.7614950861,-12.5957153477,-15.4096579701,13.0419755664
2002-05-19,-35.1895679832,-13.3760971387,-13.7221742411,14.5957029352
2002-05-20,-34.1599360955,-12.8272380733,-14.4054928323,14.9328681474
2002-05-21,-34.5226798903,-11.6436712279,-13.6970265662,12.467380954
2002-05-22,-33.8461410414,-11.4133696835,-13.1753517179,12.1886639836
2002-05-23,-33.628323222,-11.452456125,-13.411146819,10.9264647428
2002-05-24,-31.5800434615,-12.2638939273,-12.9229033856,11.0943584875
2002-05-25,-31.8994215859,-11.6735947383,-12.7909279929,10.2982397805
2002-05-26,-32.1049576513,-11.5874827469,-12.1321238842,11.1644694248
2002-05-27,-31.4520683558,-12.2660730241,-11.3819364642,9.41900294013
2002-05-28,-32.3443768641,-12.7177482539,-12.3806670824,8.90615328232
2002-05-29,-33.1502546705,-11.7965763073,-12.3814512734,10.4397635316
2002-05-30,-34.1577455579,-12.6611085029,-12.2322942963,9.637973898
2002-05-31,-34.1830293009,-13.0774293575,-12.1860694198,9.52284791246
2002-06-01,-33.9031666545,-11.9004683623,-12.8629569619,10.1028544512
2002-06-02,-34.1203209391,-14.4296801458,-12.9382023929,9.44756255162
2002-06-03,-33.1679014759,-13.9366916556,-11.0236314684,9.97098047692
2002-06-04,-33.7064471396,-12.6149725811,-11.7071273181,10.9749951916
2002-06-05,-32.795243618,-13.299879083,-11.8331845619,12.1631473111
2002-06-06,-32.64737319,-13.9514769302,-12.2456031724,10.4736287928
2002-06-07,-31.484926081,-14.7204554053,-12.4275328528,10.1224437949
2002-06-08,-31.496852157,-15.6128977438,-10.8293192367,8.73134046816
2002-06-09,-33.8055389835,-17.5610160252,-8.00398826131,8.0462670009
2002-06-10,-33.9106643246,-16.0782551697,-9.28727353152,7.90511976485
2002-06-11,-34.4124472592,-16.6204549617,-8.8687058336,8.37361895989
2002-06-12,-34.1184671005,-17.5555007648,-9.21258957919,6.92353157391
2002-06-13,-33.7683330255,-16.8457771649,-9.89378406025,7.83874214365
2002-06-14,-32.3253047027,-17.9985693407,-10.8293257142,6.4609483861
2002-06-15,-32.0092621219,-16.7655333302,-10.8581228214,5.98719452184
2002-06-16,-31.8338457817,-17.6300795485,-10.6074070945,3.81770958125
2002-06-17,-32.2173451161,-17.4772462984,-12.0628036426,4.34041405001
2002-06-18,-32.0819949541,-17.0077127158,-12.3399385244,4.24633785846
2002-06-19,-31.2968478159,-16.2328399129,-12.1704653979,4.67175002466
2002-06-20,-31.6733447329,-13.0685284949,-10.2367360488,5.64928143875
2002-06-21,-32.1331554463,-16.0212456963,-10.2944395323,8.05257620413
2002-06-22,-30.694322871,-15.0177544828,-10.6430899904,8.03563835728
2002-06-23,-30.257934509,-14.7799071625,-10.5175953949,8.35534168004
2002-06-24,-30.5217584467,-13.0593853419,-11.5773830058,8.9860278339
2002-06-25,-30.2165298453,-11.4262271006,-10.4534799625,8.87574412837
2002-06-26,-31.3052441394,-11.4638422718,-10.5850474689,9.21067578888
2002-06-27,-31.2681091385,-11.2487276329,-10.5943463844,9.00834683636
2002-06-28,-32.2803106038,-10.3742545162,-9.99037504495,8.44756539134
2002-06-29,-33.6097904424,-9.8441602785,-9.83302660406,5.40689069788
2002-06-30,-33.0841300212,-9.71713442109,-10.6722754169,4.74120354294
2002-07-01,-33.6008167442,-9.8105283968,-11.0142724243,5.02476292304
2002-07-02,-33.0999128488,-9.61809881866,-10.9430894738,6.04265191028
2002-07-03,-33.1285258676,-9.41703784188,-12.9916777347,6.53988461069
2002-07-04,-34.365174593,-8.21104947035,-12.2237254967,7.9775788731
2002-07-05,-33.9328996517,-7.44750579292,-10.4037388169,11.0736546022
2002-07-06,-34.0095512038,-6.92353091043,-8.72683951027,11.3925899875
2002-07-07,-34.5424216426,-7.87102752037,-9.04361948276,11.7924065789
2002-07-08,-34.6387570999,-6.50021645458,-8.16839195457,10.0450605757
2002-07-09,-36.2035288203,-7.69247340473,-8.3699796564,9.48871954468
2002-07-10,-37.0254513939,-6.13017712327,-8.20978422909,9.86622422278
2002-07-11,-39.3059425304,-6.83261681365,-9.30042964012,10.8203200542
2002-07-12,-39.2999313805,-8.33631408852,-10.3718369328,10.3457479031
2002-07-13,-39.8853862853,-7.78163141426,-11.4699731528,9.54533732891
2002-07-14,-39.6280804946,-8.54082827282,-11.5113655827,8.53107889691
2002-07-15,-40.1879882204,-7.10869935675,-11.9303008708,8.94026062318
2002-07-16,-40.3647958455,-7.06579958667,-12.7910792039,6.27162165096
2002-07-17,-41.3689292153,-7.63425904455,-10.8439164187,5.39285905481
2002-07-18,-40.8273353686,-8.43441064153,-10.4125099981,4.45261893793
2002-07-19,-41.5297285062,-9.59358097114,-9.98526674479,4.30882482132
2002-07-20,-41.7738743845,-9.34144083126,-10.5222198846,4.0682429319
2002-07-21,-43.2717062736,-11.7257605392,-10.938453655,2.06762053512
2002-07-22,-42.334233471,-12.7206663216,-9.30671470383,1.55419289657
2002-07-23,-41.9171297593,-15.2299660883,-9.50008226489,1.73980988398
2002-07-24,-42.8968874181,-16.2466144726,-9.41559390561,0.788479264228
2002-07-25,-43.1445942366,-16.8705043162,-9.97858104359,2.5783067291
2002-07-26,-42.6404287089,-16.2731624674,-11.8043504154,2.02009678198
2002-07-27,-42.1966614445,-15.0354082982,-11.0422021534,2.58548469833
2002-07-28,-41.5481789751,-14.7181788282,-11.2894477077,3.73649577454
2002-07-29,-42.6703206393,-16.2572435993,-9.84569958515,3.94452784146
2002-07-30,-43.6792395765,-14.7949543549,-8.36450256045,4.76798106052
2002-07-31,-44.3374962841,-15.5504393358,-10.4317179367,4.35425612843
2002-08-01,-45.4288061677,-15.7540205182,-9.66508336563,2.99127871145
2002-08-02,-44.0199102135,-15.2375136823,-9.66146148441,2.75988858485
2002-08-03,-44.5666929447,-16.1647900447,-9.24753114808,3.59998711048
2002-08-04,-46.0300732139,-17.3421689531,-10.3080360504,2.14106875266
2002-08-05,-45.6805639606,-18.0266065433,-11.3394098107,2.74972497271
2002-08-06,-45.560898835,-17.7066540755,-11.2352117787,1.42593868961
2002-08-07,-44.0690036799,-18.3702379894,-11.7146691831,0.819616814221
2002-08-08,-42.2423813123,-17.4952623817,-12.0290064183,1.0955372237
2002-08-09,-43.6100695987,-16.9446077714,-12.9590568934,0.330075578892
2002-08-10,-44.650027861,-15.8719227455,-13.4132403327,1.74066536073
2002-08-11,-43.5631171971,-16.1758957573,-12.7808850913,1.08707629371
2002-08-12,-46.6884440311,-16.5950608587,-13.2224452779,0.554503484134
2002-08-13,-47.0894521666,-16.7221705628,-13.6459735782,0.671055850908
2002-08-14,-47.0474760022,-16.164114243,-14.3706709246,1.20661573852
2002-08-15,-47.7852331863,-16.3274597418,-15.0317354448,0.963024038816
2002-08-16,-47.2194272727,-16.2408534007,-14.5554242622,0.136159362556
2002-08-17,-47.3390038025,-16.5146475383,-14.0101027782,0.848336074007
2002-08-18,-47.517528199,-15.3231979106,-14.7900900325,0.870429878915
2002-08-19,-49.3788099777,-15.194463068,-14.5702996844,-0.603851864497
2002-08-20,-49.7021351693,-15.9015031648,-15.8577200111,0.571499126363
2002-08-21,-50.8465901558,-16.5772279963,-15.0525100036,0.289517292647
2002-08-22,-49.9536895164,-16.8130883345,-12.4569268935,1.03145280374
2002-08-23,-50.4141789216,-16.6980483114,-11.4577205964,1.22065870224
2002-08-24,-50.6875693275,-16.9325953119,-10.7109414166,-0.376986361201
2002-08-25,-50.0600368044,-16.4648056726,-11.3220973705,-1.01344872565
2002-08-26,-49.6485357788,-16.0394211171,-11.3101307721,0.119952531994
2002-08-27,-48.417470251,-14.9738919547,-10.1505340566,-1.91271429621
2002-08-28,-48.8358328898,-14.9884230587,-10.2376915846,-1.26560818766
2002-08-29,-48.740770888,-15.0558946108,-10.0722286053,-1.51813192867
2002-08-30,-47.9938856987,-14.2927545167,-11.5123086653,-1.85557131181
2002-08-31,-46.651000782,-13.7833319651,-11.4371306819,-3.11375316491
2002-09-01,-48.022992943,-15.4385059563,-12.1979378859,-4.0322080834
2002-09-02,-49.123441441,-15.3565325738,-12.1082862904,-3.77221104676
2002-09-03,-49.7242024728,-14.4190767734,-12.0837039328,-2.98515378085
2002-09-04,-48.2552949977,-14.6231707158,-13.3948550898,-5.71923213703
2002-09-05,-47.8168332386,-14.5579295535,-12.5632288207,-5.4163176286
2002-09-06,-48.034790742,-14.7035449278,-12.344783485,-5.75054965203
2002-09-07,-49.0459234921,-14.0153275872,-12.4420215859,-4.32516387057
2002-09-08,-50.1721914108,-15.8170895608,-13.9987377647,-4.26862992945
2002-09-09,-50.2070507218,-15.524923998,-13.4050746994,-4.16145452914
2002-09-10,-48.7933454161,-14.9274307815,-13.1634714852,-5.44753504837
2002-09-11,-50.3535814891,-16.3168334487,-13.6841610362,-5.86953500843
2002-09-12,-49.8131759156,-14.3677992829,-12.6650568028,-6.5589172987
2002-09-13,-50.5751154851,-12.3245481843,-12.4479543799,-5.62320637837
2002-09-14,-50.5391542333,-12.9622316333,-11.859782144,-4.44377588103
2002-09-15,-50.5547533931,-13.9661816287,-13.3889707629,-4.45597188815
2002-09-16,-50.164350384,-14.1977419471,-14.4323338698,-5.21391739346
2002-09-17,-48.5380092642,-14.9989746089,-15.1605251899,-5.4627704084
2002-09-18,-49.0492782568,-14.1332267789,-15.1663421728,-5.84282649897
2002-09-19,-48.7756441708,-13.762751123,-15.9320940767,-8.30789573244
2002-09-20,-49.4469078874,-14.7080772817,-14.9761512973,-8.38041737601
2002-09-21,-50.0522288062,-16.872939451,-13.4878983699,-7.44974409085
2002-09-22,-50.6107755586,-15.6378569394,-15.6060006895,-7.55240114827
2002-09-23,-51.4218729897,-15.6971706005,-18.1235440855,-5.67454606488
2002-09-24,-50.4080547819,-14.596572683,-17.5145455544,-5.73832697425
2002-09-25,-51.5545708521,-13.8782316541,-16.9917190478,-5.41623013246
2002-09-26,-50.9214937551,-13.8877557969,-16.8819855508,-3.49573131901
